{"cameraMode":{"drawMode":0,"name":"Shaded","section":"Shading Mode"},"sceneLighting":true,"audioPlay":false,"sceneViewState":{"showFog":true,"showMaterialUpdate":false,"showSkybox":true,"showFlares":true,"showImageEffects":true,"showParticleSystems":true},"in2DMode":false,"pivot":{"x":2.3909900188446047,"y":0.7409999966621399,"z":1.059000015258789},"rotation":{"x":-0.4265722334384918,"y":-0.31042784452438357,"z":0.15865430235862733,"w":-0.8345845937728882},"size":14.469087600708008,"orthographic":true}